[
    {
        "model": "salidas.Currency",
        "pk": 1,
        "fields": {
            "currency": "CLP"
        }
    },
    {
        "model": "salidas.Currency",
        "pk": 2,
        "fields": {
            "currency": "USD"
        }
    },
    {
        "model": "salidas.Currency",
        "pk": 3,
        "fields": {
            "currency": "EUR"
        }
    },
    {
        "model": "salidas.Currency",
        "pk": 4,
        "fields": {
            "currency": "CAD"
        }
    },
    {
        "model": "salidas.Currency",
        "pk": 5,
        "fields": {
            "currency": "CHY"
        }
    },
    {
        "model": "salidas.Currency",
        "pk": 6,
        "fields": {
            "currency": "GBP"
        }
    },
    {
        "model": "salidas.Currency",
        "pk": 7,
        "fields": {
            "currency": "JPY"
        }
    },
    {
        "model": "salidas.Currency",
        "pk": 8,
        "fields": {
            "currency": "PHP"
        }
    },
    {
        "model": "salidas.CommissionType",
        "pk": 1,
        "fields": {
            "type": "Academica"
        }
    },
    {
        "model": "salidas.CommissionType",
        "pk": 2,
        "fields": {
            "type": "Estudio"
        }
    },
    {
        "model": "salidas.CommissionType",
        "pk": 3,
        "fields": {
            "type": "Servicio"
        }
    },
    {
        "model": "salidas.ApplicationState",
        "pk": 1,
        "fields": {
            "state": "Pendiente aprobacion"
        }
    },
    {
        "model": "salidas.ApplicationState",
        "pk": 2,
        "fields": {
            "state": "Pendiente DCC"
        }
    },
    {
        "model": "salidas.ApplicationState",
        "pk": 3,
        "fields": {
            "state": "Pendiente Facultad"
        }
    },
    {
        "model": "salidas.ApplicationState",
        "pk": 4,
        "fields": {
            "state": "Terminada"
        }
    },
    {
        "model": "salidas.ApplicationState",
        "pk": 5,
        "fields": {
            "state": "Rechazada"
        }
    },
    {
        "model": "salidas.State",
        "pk": 1,
        "fields": {
            "state": "Pendiente"
        }
    },
    {
        "model": "salidas.State",
        "pk": 2,
        "fields": {
            "state": "Aceptado"
        }
    },
    {
        "model": "salidas.State",
        "pk": 3,
        "fields": {
            "state": "Rechazado"
        }
    },
    {
        "model": "salidas.FinanceType",
        "pk": 1,
        "fields": {
            "type": "Inscripcion"
        }
    },
        {
        "model": "salidas.FinanceType",
        "pk": 2,
        "fields": {
            "type": "Pasajes"
        }
    },
    {
        "model": "salidas.FinanceType",
        "pk": 3,
        "fields": {
            "type": "Viaticos"
        }
    },
    {
        "model": "salidas.ReplacementType",
        "pk": 1,
        "fields": {
            "type": "Docente"
        }
    },
        {
        "model": "salidas.ReplacementType",
        "pk": 2,
        "fields": {
            "type": "Academico"
        }
    },
    {
        "model": "salidas.WorkingDay",
        "pk": 1,
        "fields": {
            "working_day": "Completa"
        }
    },
    {
        "model": "salidas.WorkingDay",
        "pk": 2,
        "fields": {
            "working_day": "Media"
        }
    },
    {
        "model": "salidas.Hierarchy",
        "pk": 1,
        "fields": {
            "hierarchy": "Asistente",
            "avaliable_days": 60,
            "working_day":1
        }
    },
    {
        "model": "salidas.Hierarchy",
        "pk": 2,
        "fields": {
            "hierarchy": "Asociado",
            "avaliable_days": 60,
            "working_day":1
        }
    },
    {
        "model": "salidas.Hierarchy",
        "pk": 3,
        "fields": {
            "hierarchy": "Titular",
            "avaliable_days": 60,
            "working_day":1

        }
    },
    {
        "model": "salidas.Hierarchy",
        "pk": 4,
        "fields": {
            "hierarchy": "Adjunto",
            "avaliable_days": 30,
            "working_day":2

        }
    },
    {
        "model": "auth.Group",
        "pk": 1,
        "fields": {
            "name": "professor",
            "permissions": [1,2,3,4,5,6,7,8,9,10,11,12,13,14,15,16,17,18,19,20,21,22,23,24,25,26,27,28,29,30,31,32,33,34,35,36,37,38,39,40,41,42,43,44,45,46,47,48,49,50,51,52,53,54,55,56,57,58,59,60,61,62,63,64,65,66,67,68,69,70,71,72,73,74,75,76,77,78,79,80,81,82,83,84,85,86,87,88,89,90,91,92,93,94,95,96,97,98,99]

        }
    },
    {
        "model": "auth.Group",
        "pk": 2,
        "fields": {
            "name": "magna",
            "permissions": [1,2,3,4,5,6,7,8,9,10,11,12,13,14,15,16,17,18,19,20,21,22,23,24,25,26,27,28,29,30,31,32,33,34,35,36,37,38,39,40,41,42,43,44,45,46,47,48,49,50,51,52,53,54,55,56,57,58,59,60,61,62,63,64,65,66,67,68,69,70,71,72,73,74,75,76,77,78,79,80,81,82,83,84,85,86,87,88,89,90,91,92,93,94,95,96,97,98,99]

        }
    },
    {
        "model": "auth.Group",
        "pk": 3,
        "fields": {
            "name": "angelica",
            "permissions": [1,2,3,4,5,6,7,8,9,10,11,12,13,14,15,16,17,18,19,20,21,22,23,24,25,26,27,28,29,30,31,32,33,34,35,36,37,38,39,40,41,42,43,44,45,46,47,48,49,50,51,52,53,54,55,56,57,58,59,60,61,62,63,64,65,66,67,68,69,70,71,72,73,74,75,76,77,78,79,80,81,82,83,84,85,86,87,88,89,90,91,92,93,94,95,96,97,98,99]

        }
    },
    {
        "model": "auth.Group",
        "pk":4,
        "fields": {
            "name": "alejandro",
            "permissions": [1,2,3,4,5,6,7,8,9,10,11,12,13,14,15,16,17,18,19,20,21,22,23,24,25,26,27,28,29,30,31,32,33,34,35,36,37,38,39,40,41,42,43,44,45,46,47,48,49,50,51,52,53,54,55,56,57,58,59,60,61,62,63,64,65,66,67,68,69,70,71,72,73,74,75,76,77,78,79,80,81,82,83,84,85,86,87,88,89,90,91,92,93,94,95,96,97,98,99]

        }
    },
    {
        "model": "auth.User",
        "pk":2,
        "fields": {
            "username":"profe1",
            "password": "pbkdf2_sha256$12000$qrt7ycP75rBb$v61lpW32OI0CNMSkCEtJ63EZaUGqYYg32PSQg8zhnCE=",
            "groups":[["professor"]],
            "first_name": "Sergio",
            "last_name": "Ochoa",
            "is_active": true,
            "email": "a@a.com"
        }
    },
    {
        "model": "auth.User",
        "pk":3,
        "fields": {
            "username":"profe2",
            "password":"pbkdf2_sha256$12000$qrt7ycP75rBb$v61lpW32OI0CNMSkCEtJ63EZaUGqYYg32PSQg8zhnCE=",
            "groups":[["professor"]],
            "first_name": "Jorge",
            "last_name": "Perez",
            "is_active": true,
            "email": "a@a.com"
        }
    },
    {
        "model": "auth.User",
        "pk":4,
        "fields": {
            "username":"profe3",
            "password": "pbkdf2_sha256$12000$qrt7ycP75rBb$v61lpW32OI0CNMSkCEtJ63EZaUGqYYg32PSQg8zhnCE=",
            "groups":[["professor"]],
            "first_name": "Nancy",
            "last_name": "Hitschfeld",
            "is_active": true,
            "email": "a@a.com"
        }
    },
    {
        "model": "auth.User",
        "pk":5,
        "fields": {
            "username":"magna",
            "password": "pbkdf2_sha256$12000$qrt7ycP75rBb$v61lpW32OI0CNMSkCEtJ63EZaUGqYYg32PSQg8zhnCE=",
            "groups":[["magna"]],
            "first_name": "Magna",
            "last_name": "Magna",
            "is_active": true,
            "email": "a@a.com"
        }
    },
    {
        "model": "salidas.Teacher",
        "pk": 1,
        "fields": {
            "user":2,
            "rut": "6704795-2",
            "name": "Sergio",
            "last_name": "Ochoa",
            "signature": "",
            "working_day":2,
            "hierarchy":2
        }
    },
    {
        "model": "salidas.Teacher",
        "pk": 2,
        "fields": {
            "user":3,
            "rut": "7704795-3",
            "name": "Jorge",
            "last_name": "Perez",
            "signature": "",
            "working_day":1,
            "hierarchy":1
        }
    },
    {
        "model": "salidas.Teacher",
        "pk": 3,
        "fields": {
            "user":4,
            "rut": "17704795-3",
            "name": "Nancy",
            "last_name": "Hitschfeld",
            "signature": "",
            "working_day":1,
            "hierarchy":3
        }
    }

]